,Name,GS_Name,CNPqLevel,Begin,End,University,GS_Name,GS_Link,GS_H5,GS_Cits,GS_H5_2010,GS_Cits_2010
0,Abilio Pereira de Lucena Filho,,1C,01/03/14,28/02/2018,UFRJ,,,,,,
1,Adenilso da Silva Simão,Adenilso Simao,2,01/03/13,29/02/2016,USP,Adenilso Simao,/citations?user=gdT5wnMAAAAJ&hl=pt-BR,13.0,632.0,12.0,460.0
2,Adriana Santarosa Vivacqua,,2,01/03/13,29/02/2016,UFRJ,,,,,,
3,Adriano Alonso Veloso,Adriano Veloso,2,01/03/12,28/02/2015,UFMG,Adriano Veloso,/citations?user=j2BEVSoAAAAJ&hl=pt-BR,17.0,1003.0,16.0,716.0
4,Adriano Lorena Inacio de Oliveira,Adriano L I Oliveira,2,01/03/13,29/02/2016,UFPE,Adriano L I Oliveira,/citations?user=paz29H4AAAAJ&hl=pt-BR,14.0,675.0,11.0,443.0
5,Afonso Paiva Neto,Afonso Paiva,2,01/03/14,28/02/2017,USP,Afonso Paiva,/citations?user=b7cto6oAAAAJ&hl=pt-BR,6.0,151.0,5.0,112.0
6,Agma Juci Machado Traina,Agma J. M. Traina,1B,01/03/14,28/02/2018,USP,Agma J. M. Traina,/citations?user=v2-C4i4AAAAJ&hl=pt-BR,26.0,3010.0,19.0,1566.0
7,Alba Cristina Magalhães Alves de Melo,Alba Cristina Magalhaes Alves de Melo,1D,01/03/11,28/02/2015,UNB,Alba Cristina Magalhaes Alves de Melo,/citations?user=vM_I8f4AAAAJ&hl=pt-BR,12.0,396.0,10.0,277.0
8,Alberto Henrique Frade Laender,Alberto H. F. Laender,1A,01/03/14,28/02/2019,UFMG,Alberto H. F. Laender,/citations?user=HJhu4csAAAAJ&hl=pt-BR,29.0,3684.0,19.0,1678.0
9,Alceu de Souza Britto Jr,Alceu de Souza Britto Jr,1D,01/08/13,28/02/2015,PUC/PR,Alceu de Souza Britto Jr,/citations?user=pRK8DCUAAAAJ&hl=pt-BR,15.0,720.0,12.0,467.0
10,Aldo von Wangenheim,Aldo von Wangenheim,2,01/03/12,28/02/2015,UFSC,Aldo von Wangenheim,/citations?user=a7XTMeIAAAAJ&hl=pt-BR,14.0,1057.0,12.0,585.0
11,Aldri Luiz dos Santos,Aldri Luiz dos Santos,2,01/03/12,28/02/2015,UFPR,Aldri Luiz dos Santos,/citations?user=6ITeLGEAAAAJ&hl=pt-BR,11.0,773.0,10.0,632.0
12,Alejandro César Frery Orgambide,,1B,01/03/14,28/02/2018,UFAL,,,,,,
13,Alessandro Fabricio Garcia,Alessandro Garcia,1D,01/06/13,31/05/2017,PUC-Rio,Alessandro Garcia,/citations?user=rP1LYboAAAAJ&hl=pt-BR,34.0,5069.0,24.0,2599.0
14,Alessandro Lameiras Koerich,,2,01/03/14,28/02/2017,PUC/PR,,,,,,
15,Alexandre Plastino de Carvalho,Alexandre Plastino,2,01/03/13,29/02/2016,UFF,Alexandre Plastino,/citations?user=axlvTZoAAAAJ&hl=pt-BR,11.0,387.0,9.0,199.0
16,Alexandre Xavier Falcão,,1C,01/03/11,28/02/2015,UNICAMP,,,,,,
17,Alfredo Goldman vel Lejbman,,2,01/03/14,28/02/2017,USP,,,,,,
18,Altigran Soares da Silva,Altigran Soares da Silva,1D,01/03/11,28/02/2015,UFAM,Altigran Soares da Silva,/citations?user=Ka6w1vgAAAAJ&hl=pt-BR,26.0,3053.0,18.0,1450.0
19,Aluizio Fausto Ribeiro Araújo,,1D,01/03/11,28/02/2015,UFPE,,,,,,
20,Ana Carolina Lorena,Ana Carolina Lorena,2,01/03/12,28/02/2015,UFABC,Ana Carolina Lorena,/citations?user=u-rR21wAAAAJ&hl=pt-BR,14.0,693.0,11.0,513.0
21,Ana Cristina Bicharra Garcia,Ana Cristina Bicharra Garcia,2,01/03/13,29/02/2016,UFF,Ana Cristina Bicharra Garcia,/citations?user=qN-wg74AAAAJ&hl=pt-BR,14.0,886.0,8.0,387.0
22,Ana Lucia Cetertich Bazzan,Ana Bazzan,1C,01/03/14,28/02/2018,UFRGS,Ana Bazzan,/citations?user=K6Z40w0AAAAJ&hl=pt-BR,26.0,2617.0,19.0,1405.0
23,Ana Paula Couto da Silva,Ana Paula Couto da Silva,2,01/03/12,28/02/2015,UFJF,Ana Paula Couto da Silva,/citations?user=XDMj6u8AAAAJ&hl=pt-BR,9.0,293.0,9.0,250.0
24,Ana Shirley Ferreira da Silva,,2,01/03/14,28/02/2017,UFC,,,,,,
25,Ana Teresa de Castro Martins,,2,01/03/14,28/02/2017,UFC,,,,,,
26,Anderson de Rezende Rocha,Prof. Dr. Anderson Rocha,2,01/03/13,29/02/2016,UNICAMP,Prof. Dr. Anderson Rocha,/citations?user=JX1fykMAAAAJ&hl=pt-BR,16.0,913.0,15.0,836.0
27,Anderson Maciel,Anderson Maciel,2,01/03/13,29/02/2016,UFRGS,Anderson Maciel,/citations?user=GC-IHBoAAAAJ&hl=pt-BR,11.0,416.0,8.0,234.0
28,Andre Carlos Ponce de Leon Ferreira de Carvalho,Andre C Ponce de Leon F de Carvalho,1B,01/03/12,29/02/2016,USP,Andre C Ponce de Leon F de Carvalho,/citations?user=B3L9jQMAAAAJ&hl=pt-BR,30.0,4793.0,25.0,2880.0
29,André Fujita,Andr Fujita,2,01/03/14,28/02/2017,USP,Andr Fujita,/citations?user=R2gGcVYAAAAJ&hl=pt-BR,13.0,603.0,12.0,525.0
30,André Luís Vasconcelos Coelho,Andr L. V. Coelho,2,01/03/13,29/02/2016,UNIFOR,Andr L. V. Coelho,/citations?user=_MScF7AAAAAJ&hl=pt-BR,12.0,507.0,10.0,355.0
31,Andre Luiz Lins de Aquino,Andre L L Aquino,2,01/03/14,28/02/2017,UFAL,Andre L L Aquino,/citations?user=EwdlgywAAAAJ&hl=pt-BR,10.0,278.0,8.0,225.0
32,André Ricardo Backes,Andr Backes,2,01/03/13,29/02/2016,UFU,Andr Backes,/citations?user=cLea7iUAAAAJ&hl=pt-BR,13.0,557.0,12.0,513.0
33,André Santanchè,Andr Santanch,2,01/03/13,29/02/2016,UNICAMP,Andr Santanch,/citations?user=lnv8uOEAAAAJ&hl=pt-BR,8.0,389.0,6.0,190.0
34,Anelise Munaretto Fonseca,,2,01/03/12,28/02/2015,UTFPR,,,,,,
35,Angelo Roncalli Alencar Brayner,,2,01/03/12,28/02/2015,UNIFOR,,,,,,
36,Anna Helena Reali Costa,Anna Helena Reali Costa,2,01/03/12,28/02/2015,USP,Anna Helena Reali Costa,/citations?user=01x3kSUAAAAJ&hl=pt-BR,12.0,586.0,8.0,305.0
37,Anne Magaly de Paula Canuto,,2,01/03/13,29/02/2016,UFRN,,,,,,
38,Anselmo Cardoso de Paiva,Anselmo Cardoso de Paiva,2,01/03/12,28/02/2015,UFMA,Anselmo Cardoso de Paiva,/citations?user=mi0Lt0kAAAAJ&hl=pt-BR,13.0,466.0,9.0,356.0
39,Antonio Alberto Fernandes de Oliveira,,1D,01/03/12,29/02/2016,UFRJ,,,,,,
40,Antonio Alfredo Ferreira Loureiro,Antonio Loureiro,1B,01/03/11,28/02/2015,UFMG,Antonio Loureiro,/citations?user=GOGlTIMAAAAJ&hl=pt-BR,40.0,6380.0,29.0,4199.0
41,Antonio Augusto de Aragao Rocha,Antonio Rocha,2,01/03/14,28/02/2017,UFF,Antonio Rocha,/citations?user=C_3SJ4oAAAAJ&hl=pt-BR,6.0,244.0,6.0,223.0
42,Antonio de Padua Braga,Antnio de Pdua Braga,1C,01/08/13,28/02/2015,UFMG,Antnio de Pdua Braga,/citations?user=twRpocQAAAAJ&hl=pt-BR,17.0,1904.0,13.0,914.0
43,Antonio Marinho Pilla Barcellos,,2,01/03/12,28/02/2015,UFRGS,,,,,,
44,Antônio Tadeu Azevedo Gomes,Antonio Tadeu Azevedo Gomes,2,01/03/13,29/02/2016,LNCC,Antonio Tadeu Azevedo Gomes,/citations?user=do1rvbkAAAAJ&hl=pt-BR,10.0,359.0,7.0,173.0
45,Aristófanes Corrêa Silva,,2,01/03/12,28/02/2015,UFMA,,,,,,
46,Arnaldo de Albuquerque Araújo,Arnaldo de Albuquerque Araujo,1D,01/03/14,28/02/2018,UFMG,Arnaldo de Albuquerque Araujo,/citations?user=AitxvQIAAAAJ&hl=pt-BR,16.0,1247.0,14.0,780.0
47,Arnaldo Vieira Moura,Arnaldo Moura,2,01/03/12,28/02/2015,UNICAMP,Arnaldo Moura,/citations?user=puzlW0cAAAAJ&hl=pt-BR,11.0,510.0,10.0,312.0
48,Arndt von Staa,,2,01/03/12,28/02/2015,PUC-Rio,,,,,,
49,Artur Ziviani,Artur Ziviani,1D,01/03/12,29/02/2016,LNCC,Artur Ziviani,/citations?user=3ZF4AIEAAAAJ&hl=pt-BR,18.0,1441.0,14.0,920.0
50,Augusto Cezar Alves Sampaio,,1B,01/03/13,28/02/2017,UFPE,,,,,,
51,Aurora Trinidad Ramirez Pozo,,2,01/03/13,29/02/2016,UFPR,,,,,,
52,Benjamín René Callejas Bedregal,Benjamin Bedregal,1D,01/03/13,28/02/2017,UFRN,Benjamin Bedregal,/citations?user=wsiQRwMAAAAJ&hl=pt-BR,17.0,1197.0,16.0,945.0
53,Bruno Feijo,,1C,01/03/14,28/02/2018,PUC-Rio,,,,,,
54,Bruno Motta de Carvalho,Bruno Motta de Carvalho,2,01/03/13,29/02/2016,UFRN,Bruno Motta de Carvalho,/citations?user=Bgvt9KYAAAAJ&hl=pt-BR,10.0,589.0,6.0,218.0
55,Bruno Richard Schulze,,1D,01/03/14,28/02/2018,LNCC,,,,,,
56,Caetano Traina Junior,Caetano Traina Jnior,1B,01/03/14,28/02/2018,USP,Caetano Traina Jnior,/citations?user=h2ivd3AAAAAJ&hl=pt-BR,26.0,2862.0,19.0,1516.0
57,Carina Friedrich Dorneles,Carina F. Dorneles,2,01/03/14,28/02/2017,UFSC,Carina F. Dorneles,/citations?user=yERABKUAAAAJ&hl=pt-BR,9.0,197.0,7.0,123.0
58,Carla Maria Dal Sasso Freitas,,1C,01/03/12,29/02/2016,UFRGS,,,,,,
59,Carlile Campos Lavor,Carlile Lavor,1D,01/03/11,28/02/2015,UNICAMP,Carlile Lavor,/citations?user=xu3AWpAAAAAJ&hl=pt-BR,22.0,1245.0,17.0,985.0
60,Carlos Alberto de Jesus Martinhon,Carlos Alberto Martinhon,2,01/03/13,29/02/2016,UFF,Carlos Alberto Martinhon,/citations?user=343VizIAAAAJ&hl=pt-BR,8.0,196.0,6.0,103.0
61,Carlos Alberto Kamienski,Carlos Alberto Kamienski,2,01/03/12,28/02/2015,UFABC,Carlos Alberto Kamienski,/citations?user=Imk4BSEAAAAJ&hl=pt-BR,12.0,671.0,8.0,427.0
62,Carlos Becker Westphall,Carlos Becker Westphall,1C,01/03/14,28/02/2018,UFSC,Carlos Becker Westphall,/citations?user=ah0TWZIAAAAJ&hl=pt-BR,14.0,1201.0,10.0,739.0
63,Carlos Eduardo Ferreira,Carlos Eduardo Ferreira Monteiro,1D,01/03/11,28/02/2015,USP,Carlos Eduardo Ferreira Monteiro,/citations?user=GCUfT5QAAAAJ&hl=pt-BR,8.0,200.0,6.0,136.0
64,Carlos Eduardo Pereira,Carlos Eduardo Pereira,1B,01/08/13,29/02/2016,UFRGS,Carlos Eduardo Pereira,/citations?user=ZjSjAW0AAAAJ&hl=pt-BR,19.0,2160.0,15.0,1311.0
65,Carlos Eduardo Thomaz,Carlos Eduardo Thomaz,2,01/03/12,28/02/2015,FEI,Carlos Eduardo Thomaz,/citations?user=WqYenKoAAAAJ&hl=pt-BR,15.0,755.0,12.0,503.0
66,Carlos Henrique Costa Ribeiro,Carlos H. C. Ribeiro,2,01/03/14,28/02/2017,ITA,Carlos H. C. Ribeiro,/citations?user=oP3egAoAAAAJ&hl=pt-BR,11.0,532.0,9.0,295.0
67,Carlos José Pereira de Lucena,Carlos Jos Pereira de Lucena,1A,01/03/10,28/02/2015,PUC-Rio,Carlos Jos Pereira de Lucena,/citations?user=BCW5XGIAAAAJ&hl=pt-BR,38.0,6524.0,23.0,2417.0
68,Cecília Mary Fischer Rubira,,1D,01/03/14,28/02/2018,UNICAMP,,,,,,
69,Célia Aparecida Zorzo Barcelos,,1D,01/03/14,28/02/2018,UFU,,,,,,
70,Celia Picinin de Mello,Celia Picinin de Mello,1C,01/03/14,28/02/2018,UNICAMP,Celia Picinin de Mello,/citations?user=YG85yXoAAAAJ&hl=pt-BR,10.0,296.0,8.0,174.0
71,Celina Miraglia Herrera de Figueiredo,Celina Miraglia Herrera de Figueiredo,1A,01/03/12,28/02/2017,UFRJ,Celina Miraglia Herrera de Figueiredo,/citations?user=J3aJNYUAAAAJ&hl=pt-BR,18.0,1015.0,12.0,541.0
72,Célio Vinicius Neves de Albuquerque,Celio Albuquerque,1D,01/03/14,28/02/2018,UFF,Celio Albuquerque,/citations?user=cB78oMQAAAAJ&hl=pt-BR,17.0,1198.0,13.0,689.0
73,Celso da Cruz Carneiro Ribeiro,Celso C. Ribeiro,1A,01/03/11,29/02/2016,UFF,Celso C. Ribeiro,/citations?user=yGl1MwgAAAAJ&hl=pt-BR,41.0,6840.0,26.0,3114.0
74,Celso Massaki Hirata,Celso Hirata,2,01/03/13,29/02/2016,ITA,Celso Hirata,/citations?user=3npaUbUAAAAJ&hl=pt-BR,7.0,221.0,6.0,137.0
75,Cesar Augusto Fonticielha De Rose,Csar A. F. De Rose,2,01/03/13,29/02/2016,PUCRS,Csar A. F. De Rose,/citations?user=MliaRD4AAAAJ&hl=pt-BR,15.0,1987.0,13.0,1722.0
76,Christiane Anneliese Gresse von Wangenheim,Christiane Gresse von Wangenheim,2,01/03/14,28/02/2017,UFSC,Christiane Gresse von Wangenheim,/citations?user=SXkE1UkAAAAJ&hl=pt-BR,17.0,1321.0,14.0,731.0
77,Cid Carvalho de Souza,Cid Carvalho de Souza,1C,01/08/13,28/02/2015,UNICAMP,Cid Carvalho de Souza,/citations?user=t_w8cAkAAAAJ&hl=pt-BR,20.0,1182.0,13.0,596.0
78,Clarisse Sieckenius de Souza,Clarisse Sieckenius de Souza,1B,01/03/14,28/02/2018,PUC-Rio,Clarisse Sieckenius de Souza,/citations?user=6RTKabUAAAAJ&hl=pt-BR,22.0,2895.0,14.0,1262.0
79,Claudia Linhares Sales,,1D,01/03/14,28/02/2018,UFC,,,,,,
80,Claudia Maria Bauzer Medeiros,Claudia Bauzer Medeiros,1A,01/03/12,28/02/2017,UNICAMP,Claudia Bauzer Medeiros,/citations?user=Kf2m1twAAAAJ&hl=pt-BR,23.0,2003.0,15.0,715.0
81,Claudia Maria Lima Werner,,1D,01/03/11,28/02/2015,UFRJ,,,,,,
82,Cláudio Leonardo Lucchesi,,1A,01/03/12,28/02/2017,UFMS,,,,,,
83,Claudio Luis de Amorim,,2,01/03/12,28/02/2015,UFRJ,,,,,,
84,Cláudio Rosito Jung,CLAUDIO ROSITO JUNG,1D,01/03/11,28/02/2015,UFRGS,CLAUDIO ROSITO JUNG,/citations?user=3hU1tEkAAAAJ&hl=pt-BR,22.0,1626.0,19.0,1115.0
85,Cleonice Fátima Bracciali,Cleonice Ftima Bracciali,2,01/03/13,29/02/2016,UNESP,Cleonice Ftima Bracciali,/citations?user=KAQmPN4AAAAJ&hl=pt-BR,7.0,173.0,6.0,87.0
86,Clodoveu Augusto Davis Junior,Clodoveu Davis,2,01/03/13,29/02/2016,UFMG,Clodoveu Davis,/citations?user=Ov9xlMIAAAAJ&hl=pt-BR,22.0,2391.0,15.0,1033.0
87,Corina da Costa Freitas,corina da costa freitas,1C,01/03/14,28/02/2018,INPE,corina da costa freitas,/citations?user=7TbNmJQAAAAJ&hl=pt-BR,22.0,2508.0,17.0,1328.0
88,Cristina Gomes Fernandes,Cristina G. Fernandes,1D,01/03/13,28/02/2017,USP,Cristina G. Fernandes,/citations?user=XnaNOq8AAAAJ&hl=pt-BR,11.0,486.0,8.0,272.0
89,Daniel Fernandes Macedo,,2,01/03/13,29/02/2016,UFMG,,,,,,
90,Daniel Macêdo Batista,Daniel Batista,2,01/03/13,29/02/2016,USP,Daniel Batista,/citations?user=6iYphXAAAAAJ&hl=pt-BR,9.0,442.0,9.0,385.0
91,Daniel Morgato Martin,,2,01/03/13,29/02/2016,UFABC,,,,,,
92,Daniel Ratton Figueiredo,Daniel R. Figueiredo,2,01/03/12,28/02/2015,UFRJ,Daniel R. Figueiredo,/citations?user=j4YbANwAAAAJ&hl=pt-BR,14.0,1243.0,10.0,459.0
93,Daniel Schwabe,Daniel Schwabe,1C,01/03/14,28/02/2018,PUC-Rio,Daniel Schwabe,/citations?user=reAUXs0AAAAJ&hl=pt-BR,36.0,6665.0,19.0,1412.0
94,David Boris Paul Déharbe,David Deharbe,2,01/03/13,29/02/2016,UFRN,David Deharbe,/citations?user=1mlbsXAAAAAJ&hl=pt-BR,15.0,618.0,8.0,260.0
95,David Corrêa Martins Junior,David Correa Martins Jr,2,01/03/12,28/02/2015,UFABC,David Correa Martins Jr,/citations?user=IT3CnCcAAAAJ&hl=pt-BR,8.0,231.0,7.0,153.0
96,Denis Fernando Wolf,Denis Wolf,2,01/03/12,28/02/2015,USP,Denis Wolf,/citations?user=ncy_2xUAAAAJ&hl=pt-BR,16.0,1146.0,13.0,784.0
97,Denise Guliato,,2,01/03/12,28/02/2015,UFU,,,,,,
98,Divanilson Rodrigo de Sousa Campelo,Divanilson R. Campelo,2,01/03/13,29/02/2016,UFPE,Divanilson R. Campelo,/citations?user=a7o3A7YAAAAJ&hl=pt-BR,7.0,354.0,6.0,290.0
99,Djamel Fawzi Hadj Sadok,,1D,01/03/11,28/02/2015,UFPE,,,,,,
100,Dorgival Olavo Guedes Neto,Dorgival Guedes,2,01/03/14,28/02/2017,UFMG,Dorgival Guedes,/citations?user=cb7k9WIAAAAJ&hl=pt-BR,11.0,576.0,10.0,418.0
101,Edleno Silva de Moura,Edleno Silva de Moura,1D,01/03/11,28/02/2015,UFAM,Edleno Silva de Moura,/citations?user=gMHGurgAAAAJ&hl=pt-BR,25.0,2580.0,20.0,1300.0
102,Edmundo Albuquerque de Souza e Silva,Edmundo de Souza e Silva,1A,01/03/10,28/02/2015,UFRJ,Edmundo de Souza e Silva,/citations?user=r9ngIuMAAAAJ&hl=pt-BR,22.0,1668.0,11.0,479.0
103,Edmundo Roberto Mauro Madeira,Edmundo Madeira,1D,01/03/14,28/02/2018,UNICAMP,Edmundo Madeira,/citations?user=4AGL2sIAAAAJ&hl=pt-BR,17.0,1195.0,13.0,714.0
104,Edson Norberto Cáceres,,2,01/03/14,28/02/2017,UFMS,,,,,,
105,Edson Prestes e Silva Júnior,,2,01/03/13,29/02/2016,UFRGS,,,,,,
106,Eduardo Camponogara,Eduardo Camponogara,1D,01/03/14,28/02/2018,UFSC,Eduardo Camponogara,/citations?user=ENRqGKMAAAAJ&hl=pt-BR,16.0,1544.0,12.0,943.0
107,Eduardo Candido Xavier,Eduardo Candido Xavier,2,01/03/12,28/02/2015,UNICAMP,Eduardo Candido Xavier,/citations?user=JMx0rAMAAAAJ&hl=pt-BR,8.0,253.0,8.0,211.0
108,Eduardo Coelho Cerqueira,Eduardo Cerqueira,2,01/03/14,28/02/2017,UFPA,Eduardo Cerqueira,/citations?user=6Oexn7IAAAAJ&hl=pt-BR,13.0,668.0,11.0,530.0
109,Eduardo Freire Nakamura,Eduardo Freire Nakamura,2,01/03/13,29/02/2016,FUCAPI,Eduardo Freire Nakamura,/citations?user=wYg_ErYAAAAJ&hl=pt-BR,21.0,2140.0,17.0,1609.0
110,Eduardo Magno Lages Figueiredo,Eduardo Figueiredo,2,01/03/13,29/02/2016,UFMG,Eduardo Figueiredo,/citations?user=3sxP3E4AAAAJ&hl=pt-BR,19.0,1747.0,16.0,1089.0
111,Eduardo Santana de Almeida,Eduardo Almeida,2,01/03/14,28/02/2017,UFBA,Eduardo Almeida,/citations?user=hA_SnHoAAAAJ&hl=pt-BR,19.0,1474.0,16.0,961.0
112,Eduardo Sany Laber,,1C,01/03/14,28/02/2018,PUC-Rio,,,,,,
113,Edward Hermann Haeusler,Edward Haeusler,2,01/03/14,28/02/2017,PUC-Rio,Edward Haeusler,/citations?user=eQP-Ez8AAAAJ&hl=pt-BR,10.0,401.0,7.0,208.0
114,Elaine Gouvêa Pimentel,,2,01/03/14,28/02/2017,UFRN,,,,,,
115,Elias Procópio Duarte Júnior,Elias P. Duarte Jr.,1D,01/03/13,28/02/2017,UFPR,Elias P. Duarte Jr.,/citations?user=BC8w04cAAAAJ&hl=pt-BR,12.0,632.0,9.0,282.0
116,Emerson Luiz do Monte Carmelo,,2,01/03/14,28/02/2017,UEM,,,,,,
117,Emilio Del Moral Hernandez,,2,01/03/13,29/02/2016,USP,,,,,,
118,Érika Fernandes Cota,,2,01/03/12,28/02/2015,UFRGS,,,,,,
119,Ernesto Julián Goldberg Birgin,Ernesto G. Birgin,1C,01/03/11,28/02/2015,USP,Ernesto G. Birgin,/citations?user=K5oE4mAAAAAJ&hl=pt-BR,27.0,3518.0,21.0,2467.0
120,Eros Comunello,Eros Comunelo,2,01/03/14,28/02/2017,UNIVALI,Eros Comunelo,/citations?user=cEAVrscAAAAJ&hl=pt-BR,10.0,344.0,9.0,271.0
121,Estevam Rafael Hruschka Júnior,Estevam R. Hruschka Jr.,2,01/03/14,28/02/2017,UFSCAR,Estevam R. Hruschka Jr.,/citations?user=19J-aOkAAAAJ&hl=pt-BR,14.0,1332.0,10.0,1179.0
122,Eugene Francis Vinod Rebello,Vinod E. F. Rebello,2,01/03/13,29/02/2016,UFF,Vinod E. F. Rebello,/citations?user=ZvHr9LEAAAAJ&hl=pt-BR,12.0,490.0,9.0,213.0
123,Fabian Luis Vargas,,1D,01/03/12,29/02/2016,PUCRS,,,,,,
124,Fabiano Passuelo Hessel,Fabiano Hessel,2,01/03/13,29/02/2016,PUCRS,Fabiano Hessel,/citations?user=cZguQ0UAAAAJ&hl=pt-BR,16.0,676.0,9.0,323.0
125,Fabio Andre Machado Porto,Fabio Porto,2,01/03/13,29/02/2016,LNCC,Fabio Porto,/citations?user=9u6ir0EAAAAJ&hl=pt-BR,16.0,1070.0,11.0,661.0
126,Fabio Gagliardi Cozman,Fabio Gagliardi Cozman,1C,01/08/13,28/02/2015,USP,Fabio Gagliardi Cozman,/citations?user=tzbfgcMAAAAJ&hl=pt-BR,28.0,3086.0,17.0,1371.0
127,Fabio Kon,Fabio Kon,1D,01/03/14,28/02/2018,USP,Fabio Kon,/citations?user=VE8BW84AAAAJ&hl=pt-BR,24.0,3342.0,14.0,907.0
128,Fabio Luciano Verdi,Fabio Verdi,2,01/03/13,29/02/2016,UFSCAR,Fabio Verdi,/citations?user=oD_PeLYAAAAJ&hl=pt-BR,12.0,366.0,9.0,238.0
129,Fábio Protti,Fbio Protti,1B,01/03/14,28/02/2018,UFF,Fbio Protti,/citations?user=_kEAhAwAAAAJ&hl=pt-BR,15.0,695.0,14.0,501.0
130,Fabrício Benevenuto de Souza,,2,01/03/13,29/02/2016,UFOP,,,,,,
131,Fabrício Enembreck,Fabrcio Enembreck,2,01/03/12,28/02/2015,PUC/PR,Fabrcio Enembreck,/citations?user=LjsK1HgAAAAJ&hl=pt-BR,10.0,338.0,6.0,171.0
132,Fátima de Lourdes dos Santos Nunes Marques,,2,01/03/14,28/02/2017,USP,,,,,,
133,Fátima Nelsizeuma Sombra de Medeiros,,2,01/03/14,28/02/2017,UFC,,,,,,
134,Felipe Maia Galvão França,,2,01/03/14,28/02/2017,UFRJ,,,,,,
135,Felipe Rech Meneguzzi,,2,01/03/14,28/02/2017,PUCRS,,,,,,
136,Fernanda Araujo Baião Amorim,,2,01/03/14,28/02/2017,UNIRIO,,,,,,
137,Fernando Buarque de Lima Neto,,2,01/03/13,29/02/2016,UPE,,,,,,
138,Fernando José Castor de Lima Filho,,2,01/03/12,28/02/2015,UFPE,,,,,,
139,Fernando Magno Quintão Pereira,Fernando Magno Quinto Pereira,2,01/03/13,29/02/2016,UFMG,Fernando Magno Quinto Pereira,/citations?user=xZfJARoAAAAJ&hl=pt-BR,12.0,453.0,8.0,303.0
140,Fernando Vieira Paulovich,Fernando V. Paulovich,2,01/03/12,28/02/2015,USP,Fernando V. Paulovich,/citations?user=TmMJsJkAAAAJ&hl=pt-BR,18.0,1038.0,17.0,834.0
141,Flávia Coimbra Delicato,,2,01/03/12,28/02/2015,UFRJ,,,,,,
142,Flávia Maria Santoro,,2,01/03/12,28/02/2015,UNIRIO,,,,,,
143,Flávio Bortolozzi,Flavio Bortolozzi,2,01/03/12,28/02/2015,PUC/PR,Flavio Bortolozzi,/citations?user=EiO1CYEAAAAJ&hl=pt-BR,26.0,2181.0,14.0,890.0
144,Flávio Keidi Miyazawa,Flavio Keidi Miyazawa,1C,01/03/11,28/02/2015,UNICAMP,Flavio Keidi Miyazawa,/citations?user=YV0kVoIAAAAJ&hl=pt-BR,16.0,932.0,11.0,440.0
145,Flávio Rech Wagner,Flvio R Wagner,1B,01/08/13,28/02/2015,UFRGS,Flvio R Wagner,/citations?user=EUlQ8PkAAAAJ&hl=pt-BR,21.0,1504.0,14.0,729.0
146,Flavio Soares Correa da Silva,Flavio Soares Correa da Silva,2,01/03/13,29/02/2016,USP,Flavio Soares Correa da Silva,/citations?user=9RaLGI4AAAAJ&hl=pt-BR,10.0,425.0,7.0,176.0
147,Francisco de Assis Tenorio de Carvalho,Francisco de Assis Tenorio de Carvalho,1B,01/03/14,28/02/2018,UFPE,Francisco de Assis Tenorio de Carvalho,/citations?user=7t7NjEUAAAAJ&hl=pt-BR,24.0,1952.0,18.0,1152.0
148,Francisco Vilar Brasileiro,Francisco Brasileiro,1D,01/03/11,28/02/2015,UFCG,Francisco Brasileiro,/citations?user=4H8i9egAAAAJ&hl=pt-BR,23.0,2669.0,17.0,1305.0
149,Franklin de Lima Marquezino,Franklin de Lima Marquezino,2,01/03/14,28/02/2017,UFRJ,Franklin de Lima Marquezino,/citations?user=KeEgCSsAAAAJ&hl=pt-BR,4.0,85.0,4.0,72.0
150,George Darmiton da Cunha Cavalcanti,George Darmiton C. Cavalcanti,2,01/03/14,28/02/2017,UFPE,George Darmiton C. Cavalcanti,/citations?user=0dSAy8IAAAAJ&hl=pt-BR,13.0,547.0,11.0,430.0
151,Geraldo Robson Mateus,Geraldo R. Mateus,1A,01/03/13,28/02/2018,UFMG,Geraldo R. Mateus,/citations?user=k_rGXy0AAAAJ&hl=pt-BR,24.0,1817.0,15.0,989.0
152,Gerson Zaverucha,gerson zaverucha,1D,01/03/14,28/02/2018,UFRJ,gerson zaverucha,/citations?user=UewoVZ0AAAAJ&hl=pt-BR,12.0,591.0,7.0,229.0
153,Gilson Antonio Giraldi,,2,01/03/14,28/02/2017,LNCC,,,,,,
154,Gina Maira Barbosa de Oliveira,Gina Maira Barbosa de Oliveira,2,01/03/14,28/02/2017,UFU,Gina Maira Barbosa de Oliveira,/citations?user=26rmXXIAAAAJ&hl=pt-BR,13.0,458.0,9.0,255.0
155,Gisele Lobo Pappa,Gisele L. Pappa,2,01/03/14,28/02/2017,UFMG,Gisele L. Pappa,/citations?user=C_0ZLuYAAAAJ&hl=pt-BR,14.0,570.0,11.0,456.0
156,Gordana Manic,,2,01/03/13,29/02/2016,UFABC,,,,,,
157,Graçaliz Pereira Dimuro,,2,01/03/14,28/02/2017,FURG,,,,,,
158,Guido Costa Souza de Araújo,Guido Araujo,1B,01/03/14,28/02/2018,UNICAMP,Guido Araujo,/citations?user=xjuoV4QAAAAJ&hl=pt-BR,19.0,1512.0,10.0,639.0
159,Guilherme Horta Travassos,Guilherme Horta Travassos,1D,01/03/11,28/02/2015,UFRJ,Guilherme Horta Travassos,/citations?user=hn4LDmkAAAAJ&hl=pt-BR,31.0,4217.0,23.0,2328.0
160,Guilherme Pimentel Telles,guilherme p. telles,2,01/03/13,29/02/2016,UNICAMP,guilherme p. telles,/citations?user=A7znKFoAAAAJ&hl=pt-BR,11.0,528.0,9.0,263.0
161,Gustavo Enrique de Almeida Prado Alves Batista,Gustavo Batista,2,01/03/14,28/02/2017,USP,Gustavo Batista,/citations?user=takZ6KIAAAAJ&hl=pt-BR,16.0,2124.0,14.0,1444.0
162,Gustavo Sousa Pavani,Gustavo Sousa Pavani,2,01/03/12,28/02/2015,UFABC,Gustavo Sousa Pavani,/citations?user=mrjOA4MAAAAJ&hl=pt-BR,9.0,208.0,7.0,140.0
163,Hae Yong Kim,Hae Yong Kim,2,01/03/13,29/02/2016,USP,Hae Yong Kim,/citations?user=GVgDBasAAAAJ&hl=pt-BR,89.0,51394.0,58.0,27428.0
164,Haroldo Fraga de Campos Velho,Haroldo Campos Velho,2,01/03/14,28/02/2017,INPE,Haroldo Campos Velho,/citations?user=OoYFpwkAAAAJ&hl=pt-BR,15.0,649.0,8.0,239.0
165,Haroldo Gambini Santos,Haroldo Gambini Santos,2,01/03/14,28/02/2017,UFOP,Haroldo Gambini Santos,/citations?user=sHxGMR4AAAAJ&hl=pt-BR,8.0,301.0,8.0,251.0
166,Hélio Pedrini,Hlio Pedrini,2,01/03/13,29/02/2016,UNICAMP,Hlio Pedrini,/citations?user=kc-wB9QAAAAJ&hl=pt-BR,14.0,697.0,13.0,521.0
167,Henrique Pacca Loureiro Luna,Henrique Pacca Loureiro Luna,1B,01/03/12,29/02/2016,UFAL,Henrique Pacca Loureiro Luna,/citations?user=HY2CriMAAAAJ&hl=pt-BR,11.0,1036.0,9.0,459.0
168,Hermes Senger,Hermes Senger,2,01/03/13,29/02/2016,UFSCAR,Hermes Senger,/citations?user=vzHhJRoAAAAJ&hl=pt-BR,6.0,114.0,5.0,75.0
169,Horacio Antonio Braga Fernandes de Oliveira,,2,01/03/14,28/02/2017,UFAM,,,,,,
170,Hugo Fuks,Hugo Fuks,2,01/03/12,28/02/2015,PUC-Rio,Hugo Fuks,/citations?user=jqIuH6MAAAAJ&hl=pt-BR,26.0,2751.0,15.0,824.0
171,Jacob Scharcanski,,1C,01/03/14,28/02/2018,UFRGS,,,,,,
172,Jacques Wainer,Jacques Wainer,1D,01/03/14,28/02/2018,UNICAMP,Jacques Wainer,/citations?user=wKRXIZ8AAAAJ&hl=pt-BR,26.0,2632.0,19.0,1333.0
173,Jaelson Freire Brelaz de Castro,Jaelson  Castro,2,01/03/14,28/02/2017,UFPE,Jaelson  Castro,/citations?user=Um1B6_4AAAAJ&hl=pt-BR,24.0,3322.0,16.0,1337.0
174,Jano Moreira de Souza,Jano Moreira de Souza,1D,01/03/14,28/02/2018,UFRJ,Jano Moreira de Souza,/citations?user=WSrB70EAAAAJ&hl=pt-BR,15.0,1317.0,10.0,762.0
175,Jauvane Cavalcante de Oliveira,Jauvane C. de Oliveira,2,01/03/12,28/02/2015,LNCC,Jauvane C. de Oliveira,/citations?user=sUaHWkQAAAAJ&hl=pt-BR,9.0,262.0,5.0,79.0
176,Jayme Luiz Szwarcfiter,Jayme Luiz Szwarcfiter,1A,01/03/12,28/02/2017,UFRJ,Jayme Luiz Szwarcfiter,/citations?user=cjQH4G0AAAAJ&hl=pt-BR,23.0,2376.0,18.0,1280.0
177,João Eduardo Ferreira,Joo Eduardo Ferreira,2,01/03/13,29/02/2016,USP,Joo Eduardo Ferreira,/citations?user=wR2O6I0AAAAJ&hl=pt-BR,14.0,722.0,12.0,497.0
178,Joao Jose Vasco Peixoto Furtado,,2,01/03/12,28/02/2015,UNIFOR,,,,,,
179,Joao Luiz Dihl Comba,Joao Comba,1D,01/03/12,29/02/2016,UFRGS,Joao Comba,/citations?user=jyeX-1sAAAAJ&hl=pt-BR,18.0,1574.0,12.0,744.0
180,João Paulo Andrade Almeida,,2,01/03/12,28/02/2015,UFES,,,,,,
181,João Paulo Gois,Joo Paulo Gois,2,01/03/14,28/02/2017,UFABC,Joo Paulo Gois,/citations?user=-AYhiyQAAAAJ&hl=pt-BR,9.0,158.0,6.0,111.0
182,Joaquim Bento Cavalcante Neto,,2,01/03/14,28/02/2017,UFC,,,,,,
183,Joceli Mayer,"Joceli Mayer, Ph.D.",2,01/03/12,28/02/2015,UFSC,"Joceli Mayer, Ph.D.",/citations?user=u0vppTcAAAAJ&hl=pt-BR,12.0,406.0,8.0,223.0
184,Jomi Fred Hübner,Jomi Fred Hbner,2,01/03/13,29/02/2016,UFSC,Jomi Fred Hbner,/citations?user=4KPuGDYAAAAJ&hl=pt-BR,24.0,3353.0,17.0,2156.0
185,Joni da Silva Fraga,Joni Fraga,1D,01/03/11,28/02/2015,UFSC,Joni Fraga,/citations?user=4i_MfGIAAAAJ&hl=pt-BR,12.0,642.0,6.0,197.0
186,Jorge Petrúcio Viana,,2,01/03/14,28/02/2017,UFF,,,,,,
187,Jorge Stolfi,,1A,01/08/13,29/02/2016,UNICAMP,,,,,,
188,José Antonio Fernandes de Macêdo,Jose Antonio Fernandes de Macedo,2,01/03/13,29/02/2016,UFC,Jose Antonio Fernandes de Macedo,/citations?user=vQ5sIO4AAAAJ&hl=pt-BR,14.0,1076.0,13.0,937.0
189,Jose Carlos Maldonado,Jose Carlos Maldonado,1A,01/03/14,28/02/2019,USP,Jose Carlos Maldonado,/citations?user=78aU9DcAAAAJ&hl=pt-BR,31.0,3804.0,23.0,1987.0
190,José Ferreira de Rezende,Jos F. de Rezende,1D,01/03/14,28/02/2018,UFRJ,Jos F. de Rezende,/citations?user=G6UXKicAAAAJ&hl=pt-BR,18.0,1201.0,11.0,484.0
191,Jose Marcos Silva Nogueira,,1D,01/03/11,28/02/2015,UFMG,,,,,,
192,Jose Neuman de Souza,,1D,01/03/14,28/02/2018,UFC,,,,,,
193,José Palazzo Moreira de Oliveira,Jos Palazzo Moreira de Oliveira,1C,01/03/11,28/02/2015,UFRGS,Jos Palazzo Moreira de Oliveira,/citations?user=8Xw1b6oAAAAJ&hl=pt-BR,16.0,1166.0,10.0,521.0
194,Jose Ricardo de Almeida Torreao,,2,01/03/14,28/02/2017,UFF,,,,,,
195,Judith Kelner,,1D,01/03/14,29/02/2016,UFPE,,,,,,
196,Jugurta Rosa Montalvao Filho,Jugurta Montalvo,2,01/03/13,29/02/2016,UFS,Jugurta Montalvo,/citations?user=8u8oX30AAAAJ&hl=pt-BR,7.0,150.0,6.0,107.0
197,Julio César López Hernández,,2,01/03/12,28/02/2015,UNICAMP,,,,,,
198,Julio Cesar Sampaio do Prado Leite,Julio Cesar Sampaio do Prado Leite (Julio Cesar Leite (jcspl)),1C,01/03/14,28/02/2018,PUC-Rio,Julio Cesar Sampaio do Prado Leite (Julio Cesar Leite (jcspl)),/citations?user=ZHyciAQAAAAJ&hl=pt-BR,32.0,4762.0,23.0,2025.0
199,Julius Cesar Barreto Leite,Julius Leite,2,01/03/13,29/02/2016,UFF,Julius Leite,/citations?user=rDUuu0yZjJoC&hl=pt-BR,13.0,551.0,10.0,374.0
200,Junior Barrera,Junior Barrera,1B,01/03/12,29/02/2016,USP,Junior Barrera,/citations?user=NbfbLAwAAAAJ&hl=pt-BR,22.0,1965.0,11.0,470.0
201,Jussara Marques de Almeida,Jussara Almeida,1D,01/03/12,29/02/2016,UFMG,Jussara Almeida,/citations?user=pkf_HjEAAAAJ&hl=pt-BR,34.0,5523.0,26.0,2914.0
202,Karin Koogan Breitman,Karin Breitman,2,01/03/14,28/02/2017,PUC-Rio,Karin Breitman,/citations?user=AinLWzgAAAAJ&hl=pt-BR,17.0,1385.0,14.0,859.0
203,Kelvin Lopes Dias,Kelvin Lopes Dias,2,01/03/12,28/02/2015,UFPE,Kelvin Lopes Dias,/citations?user=NxjqSSAAAAAJ&hl=pt-BR,7.0,219.0,5.0,136.0
204,Lau Cheuk Lung,Lau Cheuk Lung,2,01/03/14,28/02/2017,UFSC,Lau Cheuk Lung,/citations?user=UHXYMQUAAAAJ&hl=pt-BR,16.0,891.0,12.0,442.0
205,Leandro Nunes de Castro Silva,Leandro Augusto da Silva,2,01/03/13,29/02/2016,MACKENZIE,Leandro Augusto da Silva,/citations?user=3P9_QRQAAAAJ&hl=pt-BR,4.0,68.0,4.0,56.0
206,Leila Ribeiro,Leila Ribeiro,2,01/03/14,28/02/2015,UFRGS,Leila Ribeiro,/citations?user=gVbcXTQAAAAJ&hl=pt-BR,15.0,1179.0,9.0,336.0
207,Leizer de Lima Pinto,,2,01/03/13,29/02/2016,UFG,,,,,,
208,Leliane Nunes de Barros,Leliane Nunes de Barros,2,01/03/13,29/02/2016,USP,Leliane Nunes de Barros,/citations?user=CqqZ8b0AAAAJ&hl=pt-BR,12.0,449.0,7.0,234.0
209,Leonardo Gresta Paulino Murta,Leonardo Gresta Paulino Murta,2,01/03/12,28/02/2015,UFF,Leonardo Gresta Paulino Murta,/citations?user=VEbJeB8AAAAJ&hl=pt-BR,17.0,1052.0,14.0,671.0
210,Lisandro Zambenedetti Granville,Lisandro Zambenedetti Granville,1D,01/03/14,28/02/2018,UFRGS,Lisandro Zambenedetti Granville,/citations?user=v9JjkyYAAAAJ&hl=pt-BR,17.0,1126.0,12.0,678.0
211,Loana Tito Nogueira,Loana Tito Nogueira,2,01/03/12,28/02/2015,UFF,Loana Tito Nogueira,/citations?user=AQsF0MYAAAAJ&hl=pt-BR,7.0,228.0,6.0,146.0
212,Luci Pirmez,Luci Pirmez,2,01/03/13,29/02/2016,UFRJ,Luci Pirmez,/citations?user=MwdhvMEAAAAJ&hl=pt-BR,13.0,526.0,11.0,305.0
213,Lucia Catabriga,,2,01/03/13,29/02/2016,UFES,,,,,,
214,Lúcia Maria de Assumpção Drummond,Lcia Drummond,1D,01/03/14,28/02/2018,UFF,Lcia Drummond,/citations?user=UhYdnvYAAAAJ&hl=pt-BR,13.0,682.0,10.0,391.0
215,Luciana Nedel,Luciana Nedel,2,01/03/12,28/02/2015,UFRGS,Luciana Nedel,/citations?user=PNdeI7UAAAAJ&hl=pt-BR,17.0,1224.0,13.0,557.0
216,Luciana Salete Buriol,,2,01/03/14,28/02/2017,UFRGS,,,,,,
217,Luciano Antonio Digiampietri,Luciano Antonio Digiampietri,2,01/03/14,28/02/2017,USP,Luciano Antonio Digiampietri,/citations?user=9jjZobAAAAAJ&hl=pt-BR,12.0,860.0,12.0,534.0
218,Luciano da Fontoura Costa,,1A,01/03/14,28/02/2019,USP,,,,,,
219,Luciano Paschoal Gaspary,Luciano Paschoal Gaspary,2,01/03/14,28/02/2017,UFRGS,Luciano Paschoal Gaspary,/citations?user=SnT7z5wAAAAJ&hl=pt-BR,15.0,711.0,11.0,385.0
220,Luciano Silva,Luciano Paulino Silva,1D,01/08/13,28/02/2015,UFPR,Luciano Paulino Silva,/citations?user=c_7quNQAAAAJ&hl=pt-BR,25.0,1704.0,20.0,977.0
221,Luerbio Faria,,1D,01/03/11,28/02/2015,UERJ,,,,,,
222,Luidi Gelabert Simonetti,Luidi Simonetti,2,01/03/12,28/02/2015,UFF,Luidi Simonetti,/citations?user=xOugM_4AAAAJ&hl=pt-BR,7.0,197.0,6.0,182.0
223,Luigi Carro,Luigi Carro,1B,01/03/14,28/02/2018,UFRGS,Luigi Carro,/citations?user=vS6vkY4AAAAJ&hl=pt-BR,30.0,3910.0,21.0,2036.0
224,Luis Alfredo Vidal de Carvalho,,1D,01/03/12,29/02/2016,UFRJ,,,,,,
225,Luís da Cunha Lamb,,1C,01/03/14,28/02/2017,UFRGS,,,,,,
226,Luis Enrique Zárate,Luis E. Zrate,2,01/03/13,29/02/2016,PUC Minas,Luis E. Zrate,/citations?user=j0BuBXgAAAAJ&hl=pt-BR,9.0,266.0,6.0,134.0
227,Luis Gustavo Nonato,Luis Gustavo Nonato,1C,01/03/14,28/02/2018,USP,Luis Gustavo Nonato,/citations?user=p2tLSUsAAAAJ&hl=pt-BR,16.0,1037.0,15.0,734.0
228,Luis Henrique Maciel Kosmalski Costa,Luis Henrique M K Costa,1D,01/03/14,28/02/2018,UFRJ,Luis Henrique M K Costa,/citations?user=XVZw8bwAAAAJ&hl=pt-BR,17.0,1151.0,14.0,854.0
229,Luis Menasché Schechter,,2,01/03/13,29/02/2016,UFRJ,,,,,,
230,Luiz Carlos Pessoa Albini,,2,01/03/13,29/02/2016,UFPR,,,,,,
231,Luiz Chaimowicz,Luiz Chaimowicz,2,01/03/12,28/02/2015,UFMG,Luiz Chaimowicz,/citations?user=-6ws0MoAAAAJ&hl=pt-BR,15.0,1216.0,13.0,646.0
232,Luiz Eduardo Soares de Oliveira,Luiz Eduardo S. Oliveira,1D,01/03/14,28/02/2015,UFPR,Luiz Eduardo S. Oliveira,/citations?user=oMgb9jgAAAAJ&hl=pt-BR,24.0,1806.0,19.0,1121.0
233,Luiz Fernando Gomes Soares,,1A,01/03/14,28/02/2019,PUC-Rio,,,,,,
234,Luiz Fernando Rust da Costa Carmo,,2,01/03/13,29/02/2016,INMETRO,,,,,,
235,Luiz Filipe Menezes Vieira,Luiz F. M. Vieira,2,01/03/13,29/02/2016,UFMG,Luiz F. M. Vieira,/citations?user=KGysOTEAAAAJ&hl=pt-BR,15.0,995.0,13.0,787.0
236,Luiz Henrique Andrade Correia,Jefferson Luiz Gomes Corra,2,01/03/13,29/02/2016,UFLA,Jefferson Luiz Gomes Corra,/citations?user=Jl2uFIEAAAAJ&hl=pt-BR,9.0,193.0,7.0,152.0
237,Luiz Marcos Garcia Goncalves,Luiz Marcos Garcia Goncalves,2,01/03/13,29/02/2016,UFRN,Luiz Marcos Garcia Goncalves,/citations?user=90OsTqwAAAAJ&hl=pt-BR,11.0,508.0,7.0,243.0
238,Luiz Satoru Ochi,Luiz Satoru Ochi,1C,01/03/14,28/02/2018,UFF,Luiz Satoru Ochi,/citations?user=w3KB2MoAAAAJ&hl=pt-BR,21.0,1393.0,17.0,942.0
239,Luiza de Macedo Mourelle,Luiza de Macedo Mourelle,1D,01/03/14,28/02/2018,UERJ,Luiza de Macedo Mourelle,/citations?user=3StQ65IAAAAJ&hl=pt-BR,15.0,922.0,11.0,600.0
240,Manoel Bezerra Campêlo Neto,,2,01/03/14,28/02/2017,UFC,,,,,,
241,Manuel Menezes de Oliveira Neto,Manuel Menezes de Oliveira Neto,1D,01/03/11,28/02/2015,UFRGS,Manuel Menezes de Oliveira Neto,/citations?user=f2UrnmAAAAAJ&hl=pt-BR,24.0,2618.0,19.0,1417.0
242,Marcela Xavier Ribeiro,Marcela Xavier Ribeiro,2,01/03/13,29/02/2016,UFSCAR,Marcela Xavier Ribeiro,/citations?user=NZ4rcpMAAAAJ&hl=pt-BR,10.0,333.0,8.0,245.0
243,Marcelo Bezerra d'Amorim,Marcelo d'Amorim,2,01/03/13,29/02/2016,UFPE,Marcelo d'Amorim,/citations?user=nGTsM3QAAAAJ&hl=pt-BR,12.0,598.0,11.0,387.0
244,Marcelo Ferreira Siqueira,,2,01/03/13,29/02/2016,UFRN,,,,,,
245,Marcelo Finger,Marcelo Finger,1C,01/03/11,28/02/2015,USP,Marcelo Finger,/citations?user=uuu73GEAAAAJ&hl=pt-BR,17.0,1962.0,11.0,560.0
246,Marcelo Henriques de Carvalho,,1D,01/03/14,28/02/2018,UFMS,,,,,,
247,Marcelo Soares Pimenta,"Pimenta,  Marcelo S.",2,01/03/13,29/02/2016,UFRGS,"Pimenta,  Marcelo S.",/citations?user=y7D-szYAAAAJ&hl=pt-BR,14.0,928.0,12.0,567.0
248,Marcelo Walter,Marcelo Walter,2,01/03/14,28/02/2017,UFRGS,Marcelo Walter,/citations?user=7VfUEj0AAAAJ&hl=pt-BR,9.0,332.0,6.0,134.0
249,Márcia Rosana Cerioli,Mrcia R. Cerioli,2,01/03/14,28/02/2017,UFRJ,Mrcia R. Cerioli,/citations?user=GGOtBaoAAAAJ&hl=pt-BR,8.0,236.0,7.0,146.0
250,Marcilio Carlos Pereira de Souto,,2,01/03/12,28/02/2015,UFPE,,,,,,
251,Márcio de Oliveira Barros,Mrcio Barros,2,01/03/13,29/02/2016,UNIRIO,Mrcio Barros,/citations?user=GvmSuw8AAAAJ&hl=pt-BR,12.0,683.0,9.0,387.0
252,Márcio Porto Basgalupp,Mrcio Basgalupp,2,01/03/14,28/02/2017,UNIFESP,Mrcio Basgalupp,/citations?user=uW5tdUQAAAAJ&hl=pt-BR,9.0,258.0,9.0,253.0
253,Marco Antonio Casanova,Marco Antonio Casanova,1B,01/03/14,28/02/2018,PUC-Rio,Marco Antonio Casanova,/citations?user=zWh25xcAAAAJ&hl=pt-BR,25.0,3187.0,14.0,1096.0
254,Marco Antônio Pinheiro de Cristo,Marco Cristo,2,01/03/12,28/02/2015,UFAM,Marco Cristo,/citations?user=uMWFLVMAAAAJ&hl=pt-BR,15.0,936.0,13.0,603.0
255,Marco Aurélio Gerosa,Marco Aurelio Gerosa,2,01/03/13,29/02/2016,USP,Marco Aurelio Gerosa,/citations?user=kjtuhEQAAAAJ&hl=pt-BR,21.0,1553.0,14.0,711.0
256,Marco Aurélio Spohn,,2,01/03/12,28/02/2015,UFCG,,,,,,
257,Marco Tulio de Oliveira Valente,Marco Tulio Valente,1D,01/03/12,29/02/2016,UFMG,Marco Tulio Valente,/citations?user=0vFkqMIAAAAJ&hl=pt-BR,13.0,653.0,11.0,491.0
258,Marcos André Gonçalves,Marcos Andre Goncalves,1D,01/03/13,28/02/2017,UFMG,Marcos Andre Goncalves,/citations?user=IStCGaoAAAAJ&hl=pt-BR,34.0,4405.0,28.0,2766.0
259,Marcos Antonio Simplicio Junior,Marcos Simplicio,2,01/03/14,28/02/2017,USP,Marcos Simplicio,/citations?user=E7n_ohsAAAAJ&hl=pt-BR,9.0,358.0,8.0,352.0
260,Marcos Augusto Menezes Vieira,Marcos A.M. Vieira,2,01/03/14,28/02/2017,UFMG,Marcos A.M. Vieira,/citations?user=2pp8xosAAAAJ&hl=pt-BR,10.0,989.0,8.0,509.0
261,Marcos Gonçalves Quiles,Marcos G. Quiles,2,01/03/13,29/02/2016,UNIFESP,Marcos G. Quiles,/citations?user=kQXxkc4AAAAJ&hl=pt-BR,7.0,210.0,6.0,184.0
262,Marcos Roberto da Silva Borges,Marcos R. S. Borges,1D,01/03/12,29/02/2016,UFRJ,Marcos R. S. Borges,/citations?user=mpUAlpoAAAAJ&hl=pt-BR,26.0,2516.0,15.0,1068.0
263,Marcus Rolf Peter Ritt,,2,01/03/13,29/02/2016,UFRGS,,,,,,
264,Marcus Vinicius Soledade Poggi de Aragao,Marcus Poggi,1C,01/03/14,28/02/2018,PUC-Rio,Marcus Poggi,/citations?user=tOei_80AAAAJ&hl=pt-BR,23.0,1850.0,14.0,964.0
265,Maria Claudia Reis Cavalcanti,,2,01/03/13,29/02/2016,IME,,,,,,
266,Maria Cristina Ferreira de Oliveira,Maria Cristina Ferreira de Oliveira,1C,01/03/14,28/02/2018,USP,Maria Cristina Ferreira de Oliveira,/citations?user=vhRUZogAAAAJ&hl=pt-BR,18.0,1580.0,13.0,781.0
267,Maria da Graca Campos Pimentel,Maria da Graa Campos Pimentel,1D,01/03/12,29/02/2016,USP,Maria da Graa Campos Pimentel,/citations?user=2z--uNYAAAAJ&hl=pt-BR,19.0,1472.0,12.0,624.0
268,Maria do Carmo Nicoletti,Maria do Carmo Nicoletti,2,01/03/13,29/02/2016,UFSCAR,Maria do Carmo Nicoletti,/citations?user=ByZ3btgAAAAJ&hl=pt-BR,10.0,452.0,7.0,249.0
269,Maria Emília Machado Telles Walter,,2,01/03/13,29/02/2016,UNB,,,,,,
270,Mário Fernando Montenegro Campos,Mario Campos,1B,01/03/14,28/02/2018,UFMG,Mario Campos,/citations?user=qWrXkPwAAAAJ&hl=pt-BR,24.0,2127.0,18.0,1065.0
271,Mario Roberto Folhadela Benevides,Mario Benevides,2,01/03/14,28/02/2017,UFRJ,Mario Benevides,/citations?user=O3lJvk4AAAAJ&hl=pt-BR,8.0,351.0,5.0,130.0
272,Marley Maria Bernardes Rebuzzi Vellasco,Marley Vellasco,1C,01/03/14,28/02/2018,PUC-Rio,Marley Vellasco,/citations?user=UWfQx2wAAAAJ&hl=pt-BR,22.0,2036.0,12.0,796.0
273,Marta Lima de Queiros Mattoso,Marta Mattoso,1C,01/03/11,28/02/2015,UFRJ,Marta Mattoso,/citations?user=ZPczFBAAAAAJ&hl=pt-BR,25.0,2585.0,20.0,1569.0
274,Martin Alejandro Musicante,Martin Musicante,2,01/03/13,29/02/2016,UFRN,Martin Musicante,/citations?user=2i36530AAAAJ&hl=pt-BR,10.0,339.0,6.0,136.0
275,Mauricio Ayala Rincon,Mauricio Ayala Rincon,1D,01/03/14,28/02/2018,UNB,Mauricio Ayala Rincon,/citations?user=hd3UcpsAAAAJ&hl=pt-BR,13.0,588.0,11.0,345.0
276,Maurício Ferreira Magalhães,Mauricio Magalhes,2,01/03/14,28/02/2017,UNICAMP,Mauricio Magalhes,/citations?user=ZqAfiTAAAAAJ&hl=pt-BR,14.0,781.0,12.0,467.0
277,Mauro Antonio Rincon,Mauro Antonio Rincon,2,01/03/14,28/02/2017,UFRJ,Mauro Antonio Rincon,/citations?user=hZksV-IAAAAJ&hl=pt-BR,7.0,148.0,5.0,73.0
278,Mauro Sergio Pereira Fonseca,,2,01/03/13,29/02/2016,PUC/PR,,,,,,
279,Miguel Elias Mitre Campista,Miguel Elias M. Campista,2,01/03/13,29/02/2016,UFRJ,Miguel Elias M. Campista,/citations?user=enLSHWoAAAAJ&hl=pt-BR,13.0,913.0,13.0,756.0
280,Mirella Moura Moro,Mirella M. Moro,2,01/03/13,29/02/2016,UFMG,Mirella M. Moro,/citations?user=MRbdeWkAAAAJ&hl=pt-BR,15.0,612.0,11.0,347.0
281,Mylene Christine Queiroz de Farias,,2,01/03/13,29/02/2016,UNB,,,,,,
282,Myriam Regattieri De Biase da Silva Delgado,Myriam Delgado,2,01/03/12,28/02/2015,UTFPR,Myriam Delgado,/citations?user=7B3ADs0AAAAJ&hl=pt-BR,13.0,610.0,10.0,344.0
283,Nabor das Chagas Mendonça,Nabor Mendonca,2,01/03/12,28/02/2015,UNIFOR,Nabor Mendonca,/citations?user=2DHxINoAAAAJ&hl=pt-BR,12.0,393.0,8.0,199.0
284,Nadia Nedjah,Nadia Nedjah,1D,01/03/14,28/02/2018,UERJ,Nadia Nedjah,/citations?user=aE-vExgAAAAJ&hl=pt-BR,18.0,1410.0,13.0,922.0
285,Nalvo Franco de Almeida Junior,Nalvo F Almeida Jr,2,01/03/14,28/02/2017,UFMS,Nalvo F Almeida Jr,/citations?user=kU9d-GIAAAAJ&hl=pt-BR,18.0,2962.0,16.0,1410.0
286,Nelson Delfino d'Ávila Mascarenhas,Nelson D. A. Mascarenhas,1B,01/03/14,28/02/2018,UFSCAR,Nelson D. A. Mascarenhas,/citations?user=NgJ68T0AAAAJ&hl=pt-BR,15.0,856.0,11.0,365.0
287,Nelson Luis Saldanha da Fonseca,,1B,01/03/11,28/02/2015,UNICAMP,,,,,,
288,Nelson Maculan Filho,,1A,01/03/10,28/02/2015,UFRJ,,,,,,
289,Nina Sumiko Tomita Hirata,Nina S. T. Hirata,2,01/03/13,29/02/2016,USP,Nina S. T. Hirata,/citations?user=SZFm4iwAAAAJ&hl=pt-BR,11.0,428.0,7.0,150.0
290,Nivio Ziviani,Nivio Ziviani,1A,01/03/12,28/02/2017,UFMG,Nivio Ziviani,/citations?user=OZ2ju_EAAAAJ&hl=pt-BR,32.0,3539.0,21.0,1480.0
291,Odemir Martinez Bruno,Odemir Martinez Bruno,1D,01/03/11,28/02/2015,USP,Odemir Martinez Bruno,/citations?user=LiQWYEIAAAAJ&hl=pt-BR,18.0,1457.0,16.0,1253.0
292,Olga Regina Pereira Bellon,Olga Regina Pereira Bellon,1D,01/03/14,28/02/2018,UFPR,Olga Regina Pereira Bellon,/citations?user=YBjOLlsAAAAJ&hl=pt-BR,16.0,1189.0,15.0,800.0
293,Orlando Gomes Loques Filho,Orlando Loques,2,01/03/13,29/02/2016,UFF,Orlando Loques,/citations?user=KlPc9LgAAAAJ&hl=pt-BR,17.0,836.0,12.0,462.0
294,Orlando Lee,Orlando Lee,2,01/03/12,28/02/2015,UNICAMP,Orlando Lee,/citations?user=b9ExoosAAAAJ&hl=pt-BR,6.0,146.0,4.0,103.0
295,Otávio Augusto Salgado Carpinteiro,,2,01/03/13,29/02/2016,UNIFEI,,,,,,
296,Paulo André Vechiatto de Miranda,Rosa Helena Miranda Grande,2,01/03/13,29/02/2016,USP,Rosa Helena Miranda Grande,/citations?user=O-YpNWkAAAAJ&hl=pt-BR,23.0,1541.0,20.0,998.0
297,Paulo Augusto Silva Veloso,,1A,01/03/10,28/02/2015,UFRJ,,,,,,
298,Paulo Cesar Masiero,P C Masiero,1D,01/03/11,28/02/2015,USP,P C Masiero,/citations?user=ZRqz9m4AAAAJ&hl=pt-BR,21.0,1775.0,15.0,770.0
299,Paulo Costa Carvalho,Beatriz Tavares Costa Carvalho,2,01/03/14,28/02/2017,FIOCRUZ,Beatriz Tavares Costa Carvalho,/citations?user=LdIOXEIAAAAJ&hl=pt-BR,18.0,1336.0,14.0,818.0
300,Paulo Eduardo Santos,Paulo E. Santos,2,01/03/12,28/02/2015,FEI,Paulo E. Santos,/citations?user=DBxdqQ8AAAAJ&hl=pt-BR,11.0,387.0,9.0,213.0
301,Paulo Henrique Lemelle Fernandes,Paulo Fernandes,2,01/03/14,28/02/2017,PUCRS,Paulo Fernandes,/citations?user=eIRnFt0AAAAJ&hl=pt-BR,19.0,1118.0,14.0,616.0
302,Paulo Henrique Monteiro Borba,Paulo Borba,1D,01/03/14,28/02/2018,UFPE,Paulo Borba,/citations?user=PpRDLgcAAAAJ&hl=pt-BR,28.0,3173.0,20.0,1494.0
303,Paulo Martins Engel,Paulo Martins Engel,2,01/03/13,29/02/2016,UFRGS,Paulo Martins Engel,/citations?user=3yK2X-MAAAAJ&hl=pt-BR,13.0,674.0,8.0,343.0
304,Paulo Roberto Freire Cunha,,1B,01/03/11,28/02/2015,UFPE,,,,,,
305,Paulo Roberto Oliveira,Paulo Roberto Oliveira,1D,01/03/14,28/02/2018,UFRJ,Paulo Roberto Oliveira,/citations?user=55Or75UAAAAJ&hl=pt-BR,13.0,599.0,10.0,407.0
306,Paulo Romero Martins Maciel,Paulo Romero Martins Maciel,1D,01/03/11,28/02/2015,UFPE,Paulo Romero Martins Maciel,/citations?user=bZVFwWwAAAAJ&hl=pt-BR,16.0,1324.0,13.0,877.0
307,Paulo Sérgio Licciardi Messeder Barreto,Paulo Barreto,1D,01/03/13,28/02/2017,USP,Paulo Barreto,/citations?user=kG_95CgAAAAJ&hl=pt-BR,25.0,4951.0,21.0,2575.0
308,Paulo Sérgio Sausen,Paulo Srgio Sausen,2,01/03/14,28/02/2017,UNIJUI,Paulo Srgio Sausen,/citations?user=r-ZtWCYAAAAJ&hl=pt-BR,9.0,317.0,8.0,278.0
309,Philippe Olivier Alexandre Navaux,Philippe Navaux,1D,01/03/11,28/02/2015,UFRGS,Philippe Navaux,/citations?user=tNIuJeUAAAAJ&hl=pt-BR,17.0,1261.0,13.0,743.0
310,Rafael Dueire Lins,Rafael Dueire Lins,1C,01/03/12,29/02/2016,UFPE,Rafael Dueire Lins,/citations?user=9sjAiWYAAAAJ&hl=pt-BR,22.0,2716.0,13.0,821.0
311,Rafael Heitor Bordini,Rafael H. Bordini,2,01/03/13,29/02/2016,PUCRS,Rafael H. Bordini,/citations?user=PAs5hY4AAAAJ&hl=pt-BR,35.0,4317.0,20.0,2276.0
312,Rafael Prikladnicki,Rafael Prikladnicki,2,01/03/13,29/02/2016,PUCRS,Rafael Prikladnicki,/citations?user=_W9zu7sAAAAJ&hl=pt-BR,20.0,1544.0,15.0,1051.0
313,Raphael Carlos Santos Machado,,2,01/03/13,29/02/2016,INMETRO,,,,,,
314,Raquel Aparecida de Freitas Mini,,2,01/03/13,29/02/2016,PUC Minas,,,,,,
315,Raquel Cardoso de Melo Minardi,Raquel Cardoso de Melo-Minardi,2,01/03/13,29/02/2016,UFMG,Raquel Cardoso de Melo-Minardi,/citations?user=FnfdiqQAAAAJ&hl=pt-BR,8.0,4448.0,7.0,4399.0
316,Regina Borges de Araujo,,2,01/03/12,28/02/2015,UFSCAR,,,,,,
317,Regivan Hugo Nunes Santiago,Regivan H. N. Santiago,2,01/03/13,29/02/2016,UFRN,Regivan H. N. Santiago,/citations?user=vWW-svIAAAAJ&hl=pt-BR,9.0,402.0,8.0,318.0
318,Renata Galante,Renata Galante,2,01/03/13,29/02/2016,UFRGS,Renata Galante,/citations?user=QoMBjT4AAAAJ&hl=pt-BR,9.0,226.0,9.0,169.0
319,Renata Hax Sander Reiser,,2,01/03/14,28/02/2017,UFPEL,,,,,,
320,Renata Maria Cardoso Rodrigues de Souza,,2,01/03/13,29/02/2016,UFPE,,,,,,
321,Renata Pereira de Freitas,,2,01/03/13,29/02/2016,UFF,,,,,,
322,Renata Vieira,Renata Vieira,2,01/03/13,29/02/2016,PUCRS,Renata Vieira,/citations?user=5Lw-0-UAAAAJ&hl=pt-BR,24.0,2429.0,15.0,996.0
323,Renata Wassermann,Renata Wassermann,2,01/03/14,28/02/2017,USP,Renata Wassermann,/citations?user=_CyspwkAAAAJ&hl=pt-BR,12.0,685.0,10.0,375.0
324,Renato Antonio Celso Ferreira,Renato Antnio Celso Ferreira,1D,01/03/14,28/02/2018,UFMG,Renato Antnio Celso Ferreira,/citations?user=Y7Ce3MUAAAAJ&hl=pt-BR,18.0,1491.0,13.0,523.0
325,Renato Antonio Krohling,Renato Krohling,2,01/03/13,29/02/2016,UFES,Renato Krohling,/citations?user=tMF1OYIAAAAJ&hl=pt-BR,19.0,1754.0,17.0,1123.0
326,Renato Mariz de Moraes,Renato Mariz de Moraes,2,01/03/12,28/02/2015,UNB,Renato Mariz de Moraes,/citations?user=zkH2IT8AAAAJ&hl=pt-BR,9.0,292.0,6.0,132.0
327,Renato Portugal,,1D,01/03/12,29/02/2016,LNCC,,,,,,
328,Renato Tinós,Renato Tins,2,01/03/12,28/02/2015,USP,Renato Tins,/citations?user=Ma9KkwsAAAAJ&hl=pt-BR,13.0,639.0,10.0,389.0
329,Ricardo Alexandre Reinaldo de Moraes,,2,01/03/14,28/02/2017,UFSC,,,,,,
330,Ricardo da Silva Torres,Ricardo da Silva Torres,1D,01/03/13,28/02/2017,UNICAMP,Ricardo da Silva Torres,/citations?user=IGZ5WmgAAAAJ&hl=pt-BR,23.0,2148.0,22.0,1690.0
331,Ricardo Dahab,Ricardo Dahab,2,01/03/12,28/02/2015,UNICAMP,Ricardo Dahab,/citations?user=0wWyXsMAAAAJ&hl=pt-BR,21.0,2400.0,16.0,1303.0
332,Ricardo Farias,Ricardo Faria Ribeiro,2,01/03/14,28/02/2017,UFRJ,Ricardo Faria Ribeiro,/citations?user=kLrCkB8AAAAJ&hl=pt-BR,20.0,1117.0,18.0,859.0
333,Ricardo Guerra Marroquim,Ricardo Marroquim,2,01/03/13,29/02/2016,UFRJ,Ricardo Marroquim,/citations?user=VNSYnOAAAAAJ&hl=pt-BR,7.0,173.0,7.0,133.0
334,Ricardo Martins de Abreu Silva,Ricardo Oliveira da Silva,2,01/03/13,29/02/2016,UFPE,Ricardo Oliveira da Silva,/citations?user=PKLboVoAAAAJ&hl=pt-BR,6.0,151.0,6.0,119.0
335,Ricardo Massa Ferreira Lima,Ricardo Massa Ferreira Lima,2,01/03/13,29/02/2016,UFPE,Ricardo Massa Ferreira Lima,/citations?user=b3YHn_EAAAAJ&hl=pt-BR,12.0,573.0,10.0,387.0
336,Roberto Hirata Junior,Roberto Hirata Jr,2,01/03/14,28/02/2017,USP,Roberto Hirata Jr,/citations?user=Z6UgkRkAAAAJ&hl=pt-BR,16.0,801.0,10.0,296.0
337,Roberto Marcondes Cesar Junior,Roberto M Cesar-Jr,1B,01/03/11,28/02/2015,USP,Roberto M Cesar-Jr,/citations?user=yGsck-AAAAAJ&hl=pt-BR,28.0,3705.0,16.0,1804.0
338,Rodolfo Jardim de Azevedo,Rodolfo Azevedo,2,01/03/12,28/02/2015,UNICAMP,Rodolfo Azevedo,/citations?user=yjK-jq0AAAAJ&hl=pt-BR,12.0,635.0,8.0,377.0
339,Rodrigo Fernandes de Mello,Rodrigo Fernandes de Mello,2,01/03/12,28/02/2015,USP,Rodrigo Fernandes de Mello,/citations?user=DYjyZjgAAAAJ&hl=pt-BR,12.0,497.0,8.0,259.0
340,Rohit Gheyi,Rohit Gheyi,2,01/03/14,28/02/2017,UFCG,Rohit Gheyi,/citations?user=14EDC6QAAAAJ&hl=pt-BR,14.0,777.0,10.0,508.0
341,Rômulo Silva de Oliveira,Rmulo Silva de Oliveira,2,01/03/13,29/02/2016,UFSC,Rmulo Silva de Oliveira,/citations?user=xkz3ZAoAAAAJ&hl=pt-BR,8.0,433.0,7.0,188.0
342,Ronaldo Fumio Hashimoto,Ronaldo Fumio Hashimoto,2,01/03/14,28/02/2017,USP,Ronaldo Fumio Hashimoto,/citations?user=SBu22bUAAAAJ&hl=pt-BR,11.0,644.0,9.0,284.0
343,Ronaldo Moreira Salles,Ronaldo M Salles,2,01/03/14,28/02/2017,IME,Ronaldo M Salles,/citations?user=aWwpbIAAAAAJ&hl=pt-BR,10.0,297.0,8.0,212.0
344,Rosa Maria Meri Leão,Rosa Leao,2,01/03/12,28/02/2015,UFRJ,Rosa Leao,/citations?user=l1BE1DAAAAAJ&hl=pt-BR,10.0,356.0,8.0,240.0
345,Rosa Maria Vicari,Rosa Maria Vicari,2,01/03/12,28/02/2015,UFRGS,Rosa Maria Vicari,/citations?user=XsX10SQAAAAJ&hl=pt-BR,20.0,1741.0,13.0,718.0
346,Rosane Minghim,Rosane Minghim,1D,01/03/12,29/02/2016,USP,Rosane Minghim,/citations?user=TodwpSwAAAAJ&hl=pt-BR,17.0,1217.0,14.0,742.0
347,Roseli Aparecida Francelin Romero,Roseli Aparecida Francelin Romero,2,01/03/13,29/02/2016,USP,Roseli Aparecida Francelin Romero,/citations?user=pdtTa-8AAAAJ&hl=pt-BR,13.0,915.0,8.0,462.0
348,Roseli Suzi Wedemann,,2,01/03/14,28/02/2017,UERJ,,,,,,
349,Rudinei Goularte,Rudinei Goularte,2,01/03/14,28/02/2017,USP,Rudinei Goularte,/citations?user=6lc68RgAAAAJ&hl=pt-BR,13.0,547.0,9.0,288.0
350,Rudini Menezes Sampaio,,2,01/03/13,29/02/2016,UFC,,,,,,
351,Ruy Luiz Milidiu,,2,01/03/14,28/02/2017,PUC-Rio,,,,,,
352,Sandra Aparecida de Amo,Sandra de Amo,2,01/03/14,28/02/2017,UFU,Sandra de Amo,/citations?user=cIFySg0AAAAJ&hl=pt-BR,11.0,466.0,9.0,228.0
353,Sandro Rigo,Sandro Rigo,2,01/03/12,28/02/2015,UNICAMP,Sandro Rigo,/citations?user=Bkd9ZXkAAAAJ&hl=pt-BR,11.0,480.0,7.0,269.0
354,Sebastián Alberto Urrutia,Sebastin Urrutia,2,01/03/14,28/02/2017,UFMG,Sebastin Urrutia,/citations?user=mPBETD0AAAAJ&hl=pt-BR,14.0,611.0,12.0,454.0
355,Sergio Castelo Branco Soares,Sergio Soares,2,01/03/14,28/02/2017,UFPE,Sergio Soares,/citations?user=Jqll4wwAAAAJ&hl=pt-BR,17.0,1785.0,12.0,991.0
356,Sheila Regina Murgel Veloso,,1D,01/03/12,29/02/2016,UERJ,,,,,,
357,Siang Wun Song,Siang Wun Song,1A,01/03/10,28/02/2015,USP,Siang Wun Song,/citations?user=GUKwkz6-V8cC&hl=pt-BR,15.0,987.0,8.0,233.0
358,Silvia Regina Vergilio,,2,01/03/13,29/02/2016,UFPR,,,,,,
359,Silvio do Lago Pereira,Silvio do Lago Pereira,2,01/03/13,29/02/2016,CEETEPS,Silvio do Lago Pereira,/citations?user=Kv0YlEoAAAAJ&hl=pt-BR,4.0,96.0,4.0,53.0
360,Simone Dantas de Souza,,1D,01/03/14,28/02/2018,UFF,,,,,,
361,Simone Diniz Junqueira Barbosa,Simone Diniz Junqueira Barbosa,2,01/03/13,29/02/2016,PUC-Rio,Simone Diniz Junqueira Barbosa,/citations?user=DEayOYgAAAAJ&hl=pt-BR,20.0,2254.0,12.0,994.0
362,Siome Klein Goldenstein,Siome Goldenstein,1D,01/03/14,28/02/2018,UNICAMP,Siome Goldenstein,/citations?user=6uBpaf0AAAAJ&hl=pt-BR,17.0,1118.0,14.0,777.0
363,Soraia Raupp Musse,Soraia Raupp Musse,1D,01/03/13,28/02/2017,PUCRS,Soraia Raupp Musse,/citations?user=MyKLYVMAAAAJ&hl=pt-BR,23.0,2430.0,16.0,1181.0
364,Stênio Flávio de Lacerda Fernandes,Stenio Fernandes,2,01/03/14,28/02/2017,UFPE,Stenio Fernandes,/citations?user=4UjuNLkAAAAJ&hl=pt-BR,13.0,662.0,11.0,551.0
365,Sulamita Klein,,1B,01/08/13,28/02/2015,UFRJ,,,,,,
366,Susana Scheimberg de Makler,,1C,01/03/12,29/02/2016,UFRJ,,,,,,
367,Teresa Bernarda Ludermir,teresa ludermir,1A,01/08/13,29/02/2016,UFPE,teresa ludermir,/citations?user=_gfWCUsAAAAJ&hl=pt-BR,19.0,3288.0,15.0,1884.0
368,Thais Vasconcelos Batista,Thais Batista,2,01/03/14,28/02/2017,UFRN,Thais Batista,/citations?user=i09uEnwAAAAJ&hl=pt-BR,17.0,1288.0,14.0,712.0
369,Thiago Ferreira de Noronha,Thiago F. Noronha,2,01/03/13,29/02/2016,UFMG,Thiago F. Noronha,/citations?user=9HUwdVkAAAAJ&hl=pt-BR,10.0,285.0,8.0,191.0
370,Tiago Alessandro Espinola Ferreira,Tiago A. E. Ferreira,2,01/03/13,29/02/2016,UFRPE,Tiago A. E. Ferreira,/citations?user=MW57c1UAAAAJ&hl=pt-BR,11.0,541.0,9.0,357.0
371,Uira Kulesza,Uir Kulesza,2,01/03/13,29/02/2016,UFRN,Uir Kulesza,/citations?user=-lb3qmgAAAAJ&hl=pt-BR,23.0,2721.0,18.0,1585.0
372,Valmir Carneiro Barbosa,,1A,01/03/10,28/02/2015,UFRJ,,,,,,
373,Vanessa Braganholo Murta,,2,01/03/14,28/02/2017,UFF,,,,,,
374,Vinícius Gusmão Pereira de Sá,Vincius Gusmo Pereira de S,2,01/03/13,29/02/2016,UFRJ,Vincius Gusmo Pereira de S,/citations?user=n5VNq9wAAAAJ&hl=pt-BR,4.0,54.0,3.0,36.0
375,Virgilio Augusto Fernandes Almeida,Virgilio Almeida,1A,01/03/10,28/02/2015,UFMG,Virgilio Almeida,/citations?user=Wbi6RfAAAAAJ&hl=pt-BR,40.0,7528.0,32.0,3879.0
376,Vivek Nigam,Vivek Nigam,2,01/03/13,29/02/2016,UFPB,Vivek Nigam,/citations?user=I_wEMfsAAAAJ&hl=pt-BR,10.0,307.0,9.0,262.0
377,Viviane Pereira Moreira,Viviane P. Moreira,2,01/03/15,29/02/2016,UFRGS,Viviane P. Moreira,/citations?user=-l5-OIQAAAAJ&hl=pt-BR,10.0,388.0,8.0,234.0
378,Viviane Pereira Moreira,Viviane P. Moreira,2,01/03/12,28/02/2015,UFRGS,Viviane P. Moreira,/citations?user=-l5-OIQAAAAJ&hl=pt-BR,10.0,388.0,8.0,234.0
379,Wagner Meira Junior,"Wagner Meira, Jr.",1C,01/03/10,29/02/2016,UFMG,"Wagner Meira, Jr.",/citations?user=oad6_oEAAAAJ&hl=pt-BR,33.0,3986.0,25.0,2188.0
380,Wagner Meira Junior,"Wagner Meira, Jr.",1C,01/03/16,28/02/2017,UFMG,"Wagner Meira, Jr.",/citations?user=oad6_oEAAAAJ&hl=pt-BR,33.0,3986.0,25.0,2188.0
381,Waldemar Celes Filho,,2,01/03/12,28/02/2015,PUC-Rio,,,,,,
382,William Robson Schwartz,William Robson Schwartz,2,01/03/14,28/02/2017,UFMG,William Robson Schwartz,/citations?user=koXKq5EAAAAJ&hl=pt-BR,13.0,1189.0,13.0,1099.0
383,Wu Shin-Ting,,2,01/03/13,29/02/2016,UNICAMP,,,,,,
384,Yoshiharu Kohayakawa,Yoshiharu Kohayakawa,1A,01/03/14,28/02/2019,USP,Yoshiharu Kohayakawa,/citations?user=EC6p9kIAAAAJ&hl=pt-BR,27.0,2134.0,19.0,1106.0
385,Yoshiko Wakabayashi,Yoshiko Wakabayashi,1A,01/03/11,29/02/2016,USP,Yoshiko Wakabayashi,/citations?user=m_ljtMkAAAAJ&hl=pt-BR,18.0,1256.0,11.0,531.0
386,Yoshiko Wakabayashi,Yoshiko Wakabayashi,1A,01/03/16,28/02/2017,USP,Yoshiko Wakabayashi,/citations?user=m_ljtMkAAAAJ&hl=pt-BR,18.0,1256.0,11.0,531.0
387,Yuri Abitbol de Menezes Frota,Yuri Frota,2,01/03/13,29/02/2016,UFF,Yuri Frota,/citations?user=fTsmjYkAAAAJ&hl=pt-BR,5.0,109.0,5.0,85.0
388,Zanoni Dias,Zanoni Dias,2,01/03/13,29/02/2016,UNICAMP,Zanoni Dias,/citations?user=DI_Wyj0AAAAJ&hl=pt-BR,13.0,667.0,11.0,342.0
389,Zhao Liang,zhao-liang li,1C,01/03/12,29/02/2016,USP,zhao-liang li,/citations?user=JtlJmS8AAAAJ&hl=pt-BR,35.0,6537.0,31.0,3701.0
